name,description,status,checked_out_by_name,barcode_code
TEST — Cordless Drill,Auto-generated test tool for import/export QA.,maintenance,,
TEST — Impact Driver,Auto-generated test tool for import/export QA.,available,,
TEST — Angle Grinder,Auto-generated test tool for import/export QA.,maintenance,,
TEST — Circular Saw,Auto-generated test tool for import/export QA.,available,,
TEST — Jigsaw,Auto-generated test tool for import/export QA.,maintenance,,
TEST — SDS Rotary Hammer,Auto-generated test tool for import/export QA.,available,,
TEST — Multimeter,Auto-generated test tool for import/export QA.,checked_out,Jordan,
TEST — Heat Gun,Auto-generated test tool for import/export QA.,checked_out,Priya,
TEST — Torque Wrench,Auto-generated test tool for import/export QA.,checked_out,Jordan,
TEST — Socket Set,Auto-generated test tool for import/export QA.,checked_out,Priya,
TEST — Pipe Cutter,Auto-generated test tool for import/export QA.,available,,
TEST — Cable Detector,Auto-generated test tool for import/export QA.,available,,
TEST — Laser Level,Auto-generated test tool for import/export QA.,available,,
TEST — Bench Vice,Auto-generated test tool for import/export QA.,available,,
TEST — Wet/Dry Vacuum,Auto-generated test tool for import/export QA.,available,,
TEST — Ladder (6ft),Auto-generated test tool for import/export QA.,maintenance,,
TEST — Pressure Washer,Auto-generated test tool for import/export QA.,available,,
TEST — Nail Gun,Auto-generated test tool for import/export QA.,maintenance,,
TEST — Reciprocating Saw,Auto-generated test tool for import/export QA.,checked_out,Priya,
TEST — Belt Sander,Auto-generated test tool for import/export QA.,checked_out,Priya,
