name,sku,description,quantity,unit,barcode_code
TEST — M6 Hex Bolt,TEST-0001,Auto-generated test stock item for import/export QA.,12,box,
TEST — M8 Hex Bolt,TEST-0002,Auto-generated test stock item for import/export QA.,20,pcs,
TEST — Wood Screw 40mm,TEST-0003,Auto-generated test stock item for import/export QA.,0,pairs,
TEST — Cable Tie 200mm,TEST-0004,Auto-generated test stock item for import/export QA.,0,m,
TEST — Electrical Tape (Black),TEST-0005,Auto-generated test stock item for import/export QA.,75,pcs,
TEST — Twin & Earth Cable 2.5mm 10m,TEST-0006,Auto-generated test stock item for import/export QA.,50,box,
TEST — Junction Box 20A,TEST-0007,Auto-generated test stock item for import/export QA.,0,pcs,
TEST — Safety Gloves (L),TEST-0008,Auto-generated test stock item for import/export QA.,20,roll,
TEST — Safety Glasses,TEST-0009,Auto-generated test stock item for import/export QA.,0,box,
TEST — Hi-Vis Vest (L),TEST-0010,Auto-generated test stock item for import/export QA.,0,pairs,
TEST — PVC Pipe 22mm 3m,TEST-0011,Auto-generated test stock item for import/export QA.,20,pcs,
TEST — PTFE Tape,TEST-0012,Auto-generated test stock item for import/export QA.,75,pcs,
TEST — Silicone Sealant (White),TEST-0013,Auto-generated test stock item for import/export QA.,5,pairs,
TEST — Gaffer Tape,TEST-0014,Auto-generated test stock item for import/export QA.,0,pairs,
TEST — Wire Nuts (Pack of 100),TEST-0015,Auto-generated test stock item for import/export QA.,75,roll,
TEST — Fuse 13A,TEST-0016,Auto-generated test stock item for import/export QA.,0,box,
TEST — Extension Lead 10m,TEST-0017,Auto-generated test stock item for import/export QA.,0,pairs,
TEST — Battery AA (Pack of 4),TEST-0018,Auto-generated test stock item for import/export QA.,3,m,
TEST — WD-40 400ml,TEST-0019,Auto-generated test stock item for import/export QA.,20,box,
TEST — Zip Ties Assorted Pack,TEST-0020,Auto-generated test stock item for import/export QA.,50,pcs,
TEST — Washers M8 (Pack of 50),TEST-0021,Auto-generated test stock item for import/export QA.,75,m,
TEST — Anchor Bolts M10,TEST-0022,Auto-generated test stock item for import/export QA.,50,box,
TEST — Rawl Plugs Assorted,TEST-0023,Auto-generated test stock item for import/export QA.,0,pairs,
TEST — Duct Tape,TEST-0024,Auto-generated test stock item for import/export QA.,75,box,
TEST — Cleaning Cloths (Pack),TEST-0025,Auto-generated test stock item for import/export QA.,12,pcs,
